図鑑番号,名前,HP,攻撃,防御,特攻,特防,素早さ,タイプ1,タイプ2
1,bulbasaur,45,49,49,65,65,45,grass,poison
2,ivysaur,60,62,63,80,80,60,grass,poison
3,venusaur,80,82,83,100,100,80,grass,poison
4,charmander,39,52,43,60,50,65,fire,-
5,charmeleon,58,64,58,80,65,80,fire,-
6,charizard,78,84,78,109,85,100,fire,flying
7,squirtle,44,48,65,50,64,43,water,-
8,wartortle,59,63,80,65,80,58,water,-
9,blastoise,79,83,100,85,105,78,water,-
10,caterpie,45,30,35,20,20,45,bug,-
11,metapod,50,20,55,25,25,30,bug,-
12,butterfree,60,45,50,90,80,70,bug,flying
13,weedle,40,35,30,20,20,50,bug,poison
14,kakuna,45,25,50,25,25,35,bug,poison
15,beedrill,65,90,40,45,80,75,bug,poison
16,pidgey,40,45,40,35,35,56,normal,flying
17,pidgeotto,63,60,55,50,50,71,normal,flying
18,pidgeot,83,80,75,70,70,101,normal,flying
19,rattata,30,56,35,25,35,72,normal,-
20,raticate,55,81,60,50,70,97,normal,-
21,spearow,40,60,30,31,31,70,normal,flying
22,fearow,65,90,65,61,61,100,normal,flying
23,ekans,35,60,44,40,54,55,poison,-
24,arbok,60,95,69,65,79,80,poison,-
25,pikachu,35,55,40,50,50,90,electric,-
26,raichu,60,90,55,90,80,110,electric,-
27,sandshrew,50,75,85,20,30,40,ground,-
28,sandslash,75,100,110,45,55,65,ground,-
29,nidoran-f,55,47,52,40,40,41,poison,-
30,nidorina,70,62,67,55,55,56,poison,-
31,nidoqueen,90,92,87,75,85,76,poison,ground
32,nidoran-m,46,57,40,40,40,50,poison,-
33,nidorino,61,72,57,55,55,65,poison,-
34,nidoking,81,102,77,85,75,85,poison,ground
35,clefairy,70,45,48,60,65,35,fairy,-
36,clefable,95,70,73,95,90,60,fairy,-
37,vulpix,38,41,40,50,65,65,fire,-
38,ninetales,73,76,75,81,100,100,fire,-
39,jigglypuff,115,45,20,45,25,20,normal,fairy
40,wigglytuff,140,70,45,85,50,45,normal,fairy
41,zubat,40,45,35,30,40,55,poison,flying
42,golbat,75,80,70,65,75,90,poison,flying
43,oddish,45,50,55,75,65,30,grass,poison
44,gloom,60,65,70,85,75,40,grass,poison
45,vileplume,75,80,85,110,90,50,grass,poison
46,paras,35,70,55,45,55,25,bug,grass
47,parasect,60,95,80,60,80,30,bug,grass
48,venonat,60,55,50,40,55,45,bug,poison
49,venomoth,70,65,60,90,75,90,bug,poison
50,diglett,10,55,25,35,45,95,ground,-
51,dugtrio,35,100,50,50,70,120,ground,-
52,meowth,40,45,35,40,40,90,normal,-
53,persian,65,70,60,65,65,115,normal,-
54,psyduck,50,52,48,65,50,55,water,-
55,golduck,80,82,78,95,80,85,water,-
56,mankey,40,80,35,35,45,70,fighting,-
57,primeape,65,105,60,60,70,95,fighting,-
58,growlithe,55,70,45,70,50,60,fire,-
59,arcanine,90,110,80,100,80,95,fire,-
60,poliwag,40,50,40,40,40,90,water,-
61,poliwhirl,65,65,65,50,50,90,water,-
62,poliwrath,90,95,95,70,90,70,water,fighting
63,abra,25,20,15,105,55,90,psychic,-
64,kadabra,40,35,30,120,70,105,psychic,-
65,alakazam,55,50,45,135,95,120,psychic,-
66,machop,70,80,50,35,35,35,fighting,-
67,machoke,80,100,70,50,60,45,fighting,-
68,machamp,90,130,80,65,85,55,fighting,-
69,bellsprout,50,75,35,70,30,40,grass,poison
70,weepinbell,65,90,50,85,45,55,grass,poison
71,victreebel,80,105,65,100,70,70,grass,poison
72,tentacool,40,40,35,50,100,70,water,poison
73,tentacruel,80,70,65,80,120,100,water,poison
74,geodude,40,80,100,30,30,20,rock,ground
75,graveler,55,95,115,45,45,35,rock,ground
76,golem,80,120,130,55,65,45,rock,ground
77,ponyta,50,85,55,65,65,90,fire,-
78,rapidash,65,100,70,80,80,105,fire,-
79,slowpoke,90,65,65,40,40,15,water,psychic
80,slowbro,95,75,110,100,80,30,water,psychic
81,magnemite,25,35,70,95,55,45,electric,steel
82,magneton,50,60,95,120,70,70,electric,steel
83,farfetchd,52,90,55,58,62,60,normal,flying
84,doduo,35,85,45,35,35,75,normal,flying
85,dodrio,60,110,70,60,60,110,normal,flying
86,seel,65,45,55,45,70,45,water,-
87,dewgong,90,70,80,70,95,70,water,ice
88,grimer,80,80,50,40,50,25,poison,-
89,muk,105,105,75,65,100,50,poison,-
90,shellder,30,65,100,45,25,40,water,-
91,cloyster,50,95,180,85,45,70,water,ice
92,gastly,30,35,30,100,35,80,ghost,poison
93,haunter,45,50,45,115,55,95,ghost,poison
94,gengar,60,65,60,130,75,110,ghost,poison
95,onix,35,45,160,30,45,70,rock,ground
96,drowzee,60,48,45,43,90,42,psychic,-
97,hypno,85,73,70,73,115,67,psychic,-
98,krabby,30,105,90,25,25,50,water,-
99,kingler,55,130,115,50,50,75,water,-
100,voltorb,40,30,50,55,55,100,electric,-
101,electrode,60,50,70,80,80,150,electric,-
102,exeggcute,60,40,80,60,45,40,grass,psychic
103,exeggutor,95,95,85,125,75,55,grass,psychic
104,cubone,50,50,95,40,50,35,ground,-
105,marowak,60,80,110,50,80,45,ground,-
106,hitmonlee,50,120,53,35,110,87,fighting,-
107,hitmonchan,50,105,79,35,110,76,fighting,-
108,lickitung,90,55,75,60,75,30,normal,-
109,koffing,40,65,95,60,45,35,poison,-
110,weezing,65,90,120,85,70,60,poison,-
111,rhyhorn,80,85,95,30,30,25,ground,rock
112,rhydon,105,130,120,45,45,40,ground,rock
113,chansey,250,5,5,35,105,50,normal,-
114,tangela,65,55,115,100,40,60,grass,-
115,kangaskhan,105,95,80,40,80,90,normal,-
116,horsea,30,40,70,70,25,60,water,-
117,seadra,55,65,95,95,45,85,water,-
118,goldeen,45,67,60,35,50,63,water,-
119,seaking,80,92,65,65,80,68,water,-
120,staryu,30,45,55,70,55,85,water,-
121,starmie,60,75,85,100,85,115,water,psychic
122,mr-mime,40,45,65,100,120,90,psychic,fairy
123,scyther,70,110,80,55,80,105,bug,flying
124,jynx,65,50,35,115,95,95,ice,psychic
125,electabuzz,65,83,57,95,85,105,electric,-
126,magmar,65,95,57,100,85,93,fire,-
127,pinsir,65,125,100,55,70,85,bug,-
128,tauros,75,100,95,40,70,110,normal,-
129,magikarp,20,10,55,15,20,80,water,-
130,gyarados,95,125,79,60,100,81,water,flying
131,lapras,130,85,80,85,95,60,water,ice
132,ditto,48,48,48,48,48,48,normal,-
133,eevee,55,55,50,45,65,55,normal,-
134,vaporeon,130,65,60,110,95,65,water,-
135,jolteon,65,65,60,110,95,130,electric,-
136,flareon,65,130,60,95,110,65,fire,-
137,porygon,65,60,70,85,75,40,normal,-
138,omanyte,35,40,100,90,55,35,rock,water
139,omastar,70,60,125,115,70,55,rock,water
140,kabuto,30,80,90,55,45,55,rock,water
141,kabutops,60,115,105,65,70,80,rock,water
142,aerodactyl,80,105,65,60,75,130,rock,flying
143,snorlax,160,110,65,65,110,30,normal,-
144,articuno,90,85,100,95,125,85,ice,flying
145,zapdos,90,90,85,125,90,100,electric,flying
146,moltres,90,100,90,125,85,90,fire,flying
147,dratini,41,64,45,50,50,50,dragon,-
148,dragonair,61,84,65,70,70,70,dragon,-
149,dragonite,91,134,95,100,100,80,dragon,flying
150,mewtwo,106,110,90,154,90,130,psychic,-
151,mew,100,100,100,100,100,100,psychic,-
152,chikorita,45,49,65,49,65,45,grass,-
153,bayleef,60,62,80,63,80,60,grass,-
154,meganium,80,82,100,83,100,80,grass,-
155,cyndaquil,39,52,43,60,50,65,fire,-
156,quilava,58,64,58,80,65,80,fire,-
157,typhlosion,78,84,78,109,85,100,fire,-
158,totodile,50,65,64,44,48,43,water,-
159,croconaw,65,80,80,59,63,58,water,-
160,feraligatr,85,105,100,79,83,78,water,-
161,sentret,35,46,34,35,45,20,normal,-
162,furret,85,76,64,45,55,90,normal,-
163,hoothoot,60,30,30,36,56,50,normal,flying
164,noctowl,100,50,50,86,96,70,normal,flying
165,ledyba,40,20,30,40,80,55,bug,flying
166,ledian,55,35,50,55,110,85,bug,flying
167,spinarak,40,60,40,40,40,30,bug,poison
168,ariados,70,90,70,60,70,40,bug,poison
169,crobat,85,90,80,70,80,130,poison,flying
170,chinchou,75,38,38,56,56,67,water,electric
171,lanturn,125,58,58,76,76,67,water,electric
172,pichu,20,40,15,35,35,60,electric,-
173,cleffa,50,25,28,45,55,15,fairy,-
174,igglybuff,90,30,15,40,20,15,normal,fairy
175,togepi,35,20,65,40,65,20,fairy,-
176,togetic,55,40,85,80,105,40,fairy,flying
177,natu,40,50,45,70,45,70,psychic,flying
178,xatu,65,75,70,95,70,95,psychic,flying
179,mareep,55,40,40,65,45,35,electric,-
180,flaaffy,70,55,55,80,60,45,electric,-
181,ampharos,90,75,85,115,90,55,electric,-
182,bellossom,75,80,95,90,100,50,grass,-
183,marill,70,20,50,20,50,40,water,fairy
184,azumarill,100,50,80,60,80,50,water,fairy
185,sudowoodo,70,100,115,30,65,30,rock,-
186,politoed,90,75,75,90,100,70,water,-
187,hoppip,35,35,40,35,55,50,grass,flying
188,skiploom,55,45,50,45,65,80,grass,flying
189,jumpluff,75,55,70,55,95,110,grass,flying
190,aipom,55,70,55,40,55,85,normal,-
191,sunkern,30,30,30,30,30,30,grass,-
192,sunflora,75,75,55,105,85,30,grass,-
193,yanma,65,65,45,75,45,95,bug,flying
194,wooper,55,45,45,25,25,15,water,ground
195,quagsire,95,85,85,65,65,35,water,ground
196,espeon,65,65,60,130,95,110,psychic,-
197,umbreon,95,65,110,60,130,65,dark,-
198,murkrow,60,85,42,85,42,91,dark,flying
199,slowking,95,75,80,100,110,30,water,psychic
200,misdreavus,60,60,60,85,85,85,ghost,-
201,unown,48,72,48,72,48,48,psychic,-
202,wobbuffet,190,33,58,33,58,33,psychic,-
203,girafarig,70,80,65,90,65,85,normal,psychic
204,pineco,50,65,90,35,35,15,bug,-
205,forretress,75,90,140,60,60,40,bug,steel
206,dunsparce,100,70,70,65,65,45,normal,-
207,gligar,65,75,105,35,65,85,ground,flying
208,steelix,75,85,200,55,65,30,steel,ground
209,snubbull,60,80,50,40,40,30,fairy,-
210,granbull,90,120,75,60,60,45,fairy,-
211,qwilfish,65,95,85,55,55,85,water,poison
212,scizor,70,130,100,55,80,65,bug,steel
213,shuckle,20,10,230,10,230,5,bug,rock
214,heracross,80,125,75,40,95,85,bug,fighting
215,sneasel,55,95,55,35,75,115,dark,ice
216,teddiursa,60,80,50,50,50,40,normal,-
217,ursaring,90,130,75,75,75,55,normal,-
218,slugma,40,40,40,70,40,20,fire,-
219,magcargo,60,50,120,90,80,30,fire,rock
220,swinub,50,50,40,30,30,50,ice,ground
221,piloswine,100,100,80,60,60,50,ice,ground
222,corsola,65,55,95,65,95,35,water,rock
223,remoraid,35,65,35,65,35,65,water,-
224,octillery,75,105,75,105,75,45,water,-
225,delibird,45,55,45,65,45,75,ice,flying
226,mantine,85,40,70,80,140,70,water,flying
227,skarmory,65,80,140,40,70,70,steel,flying
228,houndour,45,60,30,80,50,65,dark,fire
229,houndoom,75,90,50,110,80,95,dark,fire
230,kingdra,75,95,95,95,95,85,water,dragon
231,phanpy,90,60,60,40,40,40,ground,-
232,donphan,90,120,120,60,60,50,ground,-
233,porygon2,85,80,90,105,95,60,normal,-
234,stantler,73,95,62,85,65,85,normal,-
235,smeargle,55,20,35,20,45,75,normal,-
236,tyrogue,35,35,35,35,35,35,fighting,-
237,hitmontop,50,95,95,35,110,70,fighting,-
238,smoochum,45,30,15,85,65,65,ice,psychic
239,elekid,45,63,37,65,55,95,electric,-
240,magby,45,75,37,70,55,83,fire,-
241,miltank,95,80,105,40,70,100,normal,-
242,blissey,255,10,10,75,135,55,normal,-
243,raikou,90,85,75,115,100,115,electric,-
244,entei,115,115,85,90,75,100,fire,-
245,suicune,100,75,115,90,115,85,water,-
246,larvitar,50,64,50,45,50,41,rock,ground
247,pupitar,70,84,70,65,70,51,rock,ground
248,tyranitar,100,134,110,95,100,61,rock,dark
249,lugia,106,90,130,90,154,110,psychic,flying
250,ho-oh,106,130,90,110,154,90,fire,flying
251,celebi,100,100,100,100,100,100,psychic,grass
252,treecko,40,45,35,65,55,70,grass,-
253,grovyle,50,65,45,85,65,95,grass,-
254,sceptile,70,85,65,105,85,120,grass,-
255,torchic,45,60,40,70,50,45,fire,-
256,combusken,60,85,60,85,60,55,fire,fighting
257,blaziken,80,120,70,110,70,80,fire,fighting
258,mudkip,50,70,50,50,50,40,water,-
259,marshtomp,70,85,70,60,70,50,water,ground
260,swampert,100,110,90,85,90,60,water,ground
261,poochyena,35,55,35,30,30,35,dark,-
262,mightyena,70,90,70,60,60,70,dark,-
263,zigzagoon,38,30,41,30,41,60,normal,-
264,linoone,78,70,61,50,61,100,normal,-
265,wurmple,45,45,35,20,30,20,bug,-
266,silcoon,50,35,55,25,25,15,bug,-
267,beautifly,60,70,50,100,50,65,bug,flying
268,cascoon,50,35,55,25,25,15,bug,-
269,dustox,60,50,70,50,90,65,bug,poison
270,lotad,40,30,30,40,50,30,water,grass
271,lombre,60,50,50,60,70,50,water,grass
272,ludicolo,80,70,70,90,100,70,water,grass
273,seedot,40,40,50,30,30,30,grass,-
274,nuzleaf,70,70,40,60,40,60,grass,dark
275,shiftry,90,100,60,90,60,80,grass,dark
276,taillow,40,55,30,30,30,85,normal,flying
277,swellow,60,85,60,75,50,125,normal,flying
278,wingull,40,30,30,55,30,85,water,flying
279,pelipper,60,50,100,95,70,65,water,flying
280,ralts,28,25,25,45,35,40,psychic,fairy
281,kirlia,38,35,35,65,55,50,psychic,fairy
282,gardevoir,68,65,65,125,115,80,psychic,fairy
283,surskit,40,30,32,50,52,65,bug,water
284,masquerain,70,60,62,100,82,80,bug,flying
285,shroomish,60,40,60,40,60,35,grass,-
286,breloom,60,130,80,60,60,70,grass,fighting
287,slakoth,60,60,60,35,35,30,normal,-
288,vigoroth,80,80,80,55,55,90,normal,-
289,slaking,150,160,100,95,65,100,normal,-
290,nincada,31,45,90,30,30,40,bug,ground
291,ninjask,61,90,45,50,50,160,bug,flying
292,shedinja,1,90,45,30,30,40,bug,ghost
293,whismur,64,51,23,51,23,28,normal,-
294,loudred,84,71,43,71,43,48,normal,-
295,exploud,104,91,63,91,73,68,normal,-
296,makuhita,72,60,30,20,30,25,fighting,-
297,hariyama,144,120,60,40,60,50,fighting,-
298,azurill,50,20,40,20,40,20,normal,fairy
299,nosepass,30,45,135,45,90,30,rock,-
300,skitty,50,45,45,35,35,50,normal,-
301,delcatty,70,65,65,55,55,90,normal,-
302,sableye,50,75,75,65,65,50,dark,ghost
303,mawile,50,85,85,55,55,50,steel,fairy
304,aron,50,70,100,40,40,30,steel,rock
305,lairon,60,90,140,50,50,40,steel,rock
306,aggron,70,110,180,60,60,50,steel,rock
307,meditite,30,40,55,40,55,60,fighting,psychic
308,medicham,60,60,75,60,75,80,fighting,psychic
309,electrike,40,45,40,65,40,65,electric,-
310,manectric,70,75,60,105,60,105,electric,-
311,plusle,60,50,40,85,75,95,electric,-
312,minun,60,40,50,75,85,95,electric,-
313,volbeat,65,73,75,47,85,85,bug,-
314,illumise,65,47,75,73,85,85,bug,-
315,roselia,50,60,45,100,80,65,grass,poison
316,gulpin,70,43,53,43,53,40,poison,-
317,swalot,100,73,83,73,83,55,poison,-
318,carvanha,45,90,20,65,20,65,water,dark
319,sharpedo,70,120,40,95,40,95,water,dark
320,wailmer,130,70,35,70,35,60,water,-
321,wailord,170,90,45,90,45,60,water,-
322,numel,60,60,40,65,45,35,fire,ground
323,camerupt,70,100,70,105,75,40,fire,ground
324,torkoal,70,85,140,85,70,20,fire,-
325,spoink,60,25,35,70,80,60,psychic,-
326,grumpig,80,45,65,90,110,80,psychic,-
327,spinda,60,60,60,60,60,60,normal,-
328,trapinch,45,100,45,45,45,10,ground,-
329,vibrava,50,70,50,50,50,70,ground,dragon
330,flygon,80,100,80,80,80,100,ground,dragon
331,cacnea,50,85,40,85,40,35,grass,-
332,cacturne,70,115,60,115,60,55,grass,dark
333,swablu,45,40,60,40,75,50,normal,flying
334,altaria,75,70,90,70,105,80,dragon,flying
335,zangoose,73,115,60,60,60,90,normal,-
336,seviper,73,100,60,100,60,65,poison,-
337,lunatone,90,55,65,95,85,70,rock,psychic
338,solrock,90,95,85,55,65,70,rock,psychic
339,barboach,50,48,43,46,41,60,water,ground
340,whiscash,110,78,73,76,71,60,water,ground
341,corphish,43,80,65,50,35,35,water,-
342,crawdaunt,63,120,85,90,55,55,water,dark
343,baltoy,40,40,55,40,70,55,ground,psychic
344,claydol,60,70,105,70,120,75,ground,psychic
345,lileep,66,41,77,61,87,23,rock,grass
346,cradily,86,81,97,81,107,43,rock,grass
347,anorith,45,95,50,40,50,75,rock,bug
348,armaldo,75,125,100,70,80,45,rock,bug
349,feebas,20,15,20,10,55,80,water,-
350,milotic,95,60,79,100,125,81,water,-
351,castform,70,70,70,70,70,70,normal,-
352,kecleon,60,90,70,60,120,40,normal,-
353,shuppet,44,75,35,63,33,45,ghost,-
354,banette,64,115,65,83,63,65,ghost,-
355,duskull,20,40,90,30,90,25,ghost,-
356,dusclops,40,70,130,60,130,25,ghost,-
357,tropius,99,68,83,72,87,51,grass,flying
358,chimecho,75,50,80,95,90,65,psychic,-
359,absol,65,130,60,75,60,75,dark,-
360,wynaut,95,23,48,23,48,23,psychic,-
361,snorunt,50,50,50,50,50,50,ice,-
362,glalie,80,80,80,80,80,80,ice,-
363,spheal,70,40,50,55,50,25,ice,water
364,sealeo,90,60,70,75,70,45,ice,water
365,walrein,110,80,90,95,90,65,ice,water
366,clamperl,35,64,85,74,55,32,water,-
367,huntail,55,104,105,94,75,52,water,-
368,gorebyss,55,84,105,114,75,52,water,-
369,relicanth,100,90,130,45,65,55,water,rock
370,luvdisc,43,30,55,40,65,97,water,-
371,bagon,45,75,60,40,30,50,dragon,-
372,shelgon,65,95,100,60,50,50,dragon,-
373,salamence,95,135,80,110,80,100,dragon,flying
374,beldum,40,55,80,35,60,30,steel,psychic
375,metang,60,75,100,55,80,50,steel,psychic
376,metagross,80,135,130,95,90,70,steel,psychic
377,regirock,80,100,200,50,100,50,rock,-
378,regice,80,50,100,100,200,50,ice,-
379,registeel,80,75,150,75,150,50,steel,-
380,latias,80,80,90,110,130,110,dragon,psychic
381,latios,80,90,80,130,110,110,dragon,psychic
382,kyogre,100,100,90,150,140,90,water,-
383,groudon,100,150,140,100,90,90,ground,-
384,rayquaza,105,150,90,150,90,95,dragon,flying
385,jirachi,100,100,100,100,100,100,steel,psychic
386,deoxys-normal,50,150,50,150,50,150,psychic,-
387,turtwig,55,68,64,45,55,31,grass,-
388,grotle,75,89,85,55,65,36,grass,-
389,torterra,95,109,105,75,85,56,grass,ground
390,chimchar,44,58,44,58,44,61,fire,-
391,monferno,64,78,52,78,52,81,fire,fighting
392,infernape,76,104,71,104,71,108,fire,fighting
393,piplup,53,51,53,61,56,40,water,-
394,prinplup,64,66,68,81,76,50,water,-
395,empoleon,84,86,88,111,101,60,water,steel
396,starly,40,55,30,30,30,60,normal,flying
397,staravia,55,75,50,40,40,80,normal,flying
398,staraptor,85,120,70,50,60,100,normal,flying
399,bidoof,59,45,40,35,40,31,normal,-
400,bibarel,79,85,60,55,60,71,normal,water
401,kricketot,37,25,41,25,41,25,bug,-
402,kricketune,77,85,51,55,51,65,bug,-
403,shinx,45,65,34,40,34,45,electric,-
404,luxio,60,85,49,60,49,60,electric,-
405,luxray,80,120,79,95,79,70,electric,-
406,budew,40,30,35,50,70,55,grass,poison
407,roserade,60,70,65,125,105,90,grass,poison
408,cranidos,67,125,40,30,30,58,rock,-
409,rampardos,97,165,60,65,50,58,rock,-
410,shieldon,30,42,118,42,88,30,rock,steel
411,bastiodon,60,52,168,47,138,30,rock,steel
412,burmy,40,29,45,29,45,36,bug,-
413,wormadam-plant,60,59,85,79,105,36,bug,grass
414,mothim,70,94,50,94,50,66,bug,flying
415,combee,30,30,42,30,42,70,bug,flying
416,vespiquen,70,80,102,80,102,40,bug,flying
417,pachirisu,60,45,70,45,90,95,electric,-
418,buizel,55,65,35,60,30,85,water,-
419,floatzel,85,105,55,85,50,115,water,-
420,cherubi,45,35,45,62,53,35,grass,-
421,cherrim,70,60,70,87,78,85,grass,-
422,shellos,76,48,48,57,62,34,water,-
423,gastrodon,111,83,68,92,82,39,water,ground
424,ambipom,75,100,66,60,66,115,normal,-
425,drifloon,90,50,34,60,44,70,ghost,flying
426,drifblim,150,80,44,90,54,80,ghost,flying
427,buneary,55,66,44,44,56,85,normal,-
428,lopunny,65,76,84,54,96,105,normal,-
429,mismagius,60,60,60,105,105,105,ghost,-
430,honchkrow,100,125,52,105,52,71,dark,flying
431,glameow,49,55,42,42,37,85,normal,-
432,purugly,71,82,64,64,59,112,normal,-
433,chingling,45,30,50,65,50,45,psychic,-
434,stunky,63,63,47,41,41,74,poison,dark
435,skuntank,103,93,67,71,61,84,poison,dark
436,bronzor,57,24,86,24,86,23,steel,psychic
437,bronzong,67,89,116,79,116,33,steel,psychic
438,bonsly,50,80,95,10,45,10,rock,-
439,mime-jr,20,25,45,70,90,60,psychic,fairy
440,happiny,100,5,5,15,65,30,normal,-
441,chatot,76,65,45,92,42,91,normal,flying
442,spiritomb,50,92,108,92,108,35,ghost,dark
443,gible,58,70,45,40,45,42,dragon,ground
444,gabite,68,90,65,50,55,82,dragon,ground
445,garchomp,108,130,95,80,85,102,dragon,ground
446,munchlax,135,85,40,40,85,5,normal,-
447,riolu,40,70,40,35,40,60,fighting,-
448,lucario,70,110,70,115,70,90,fighting,steel
449,hippopotas,68,72,78,38,42,32,ground,-
450,hippowdon,108,112,118,68,72,47,ground,-
451,skorupi,40,50,90,30,55,65,poison,bug
452,drapion,70,90,110,60,75,95,poison,dark
453,croagunk,48,61,40,61,40,50,poison,fighting
454,toxicroak,83,106,65,86,65,85,poison,fighting
455,carnivine,74,100,72,90,72,46,grass,-
456,finneon,49,49,56,49,61,66,water,-
457,lumineon,69,69,76,69,86,91,water,-
458,mantyke,45,20,50,60,120,50,water,flying
459,snover,60,62,50,62,60,40,grass,ice
460,abomasnow,90,92,75,92,85,60,grass,ice
461,weavile,70,120,65,45,85,125,dark,ice
462,magnezone,70,70,115,130,90,60,electric,steel
463,lickilicky,110,85,95,80,95,50,normal,-
464,rhyperior,115,140,130,55,55,40,ground,rock
465,tangrowth,100,100,125,110,50,50,grass,-
466,electivire,75,123,67,95,85,95,electric,-
467,magmortar,75,95,67,125,95,83,fire,-
468,togekiss,85,50,95,120,115,80,fairy,flying
469,yanmega,86,76,86,116,56,95,bug,flying
470,leafeon,65,110,130,60,65,95,grass,-
471,glaceon,65,60,110,130,95,65,ice,-
472,gliscor,75,95,125,45,75,95,ground,flying
473,mamoswine,110,130,80,70,60,80,ice,ground
474,porygon-z,85,80,70,135,75,90,normal,-
475,gallade,68,125,65,65,115,80,psychic,fighting
476,probopass,60,55,145,75,150,40,rock,steel
477,dusknoir,45,100,135,65,135,45,ghost,-
478,froslass,70,80,70,80,70,110,ice,ghost
479,rotom,50,50,77,95,77,91,electric,ghost
480,uxie,75,75,130,75,130,95,psychic,-
481,mesprit,80,105,105,105,105,80,psychic,-
482,azelf,75,125,70,125,70,115,psychic,-
483,dialga,100,120,120,150,100,90,steel,dragon
484,palkia,90,120,100,150,120,100,water,dragon
485,heatran,91,90,106,130,106,77,fire,steel
486,regigigas,110,160,110,80,110,100,normal,-
487,giratina-altered,150,100,120,100,120,90,ghost,dragon
488,cresselia,120,70,120,75,130,85,psychic,-
489,phione,80,80,80,80,80,80,water,-
490,manaphy,100,100,100,100,100,100,water,-
491,darkrai,70,90,90,135,90,125,dark,-
492,shaymin-land,100,100,100,100,100,100,grass,-
493,arceus,120,120,120,120,120,120,normal,-
494,victini,100,100,100,100,100,100,psychic,fire
495,snivy,45,45,55,45,55,63,grass,-
496,servine,60,60,75,60,75,83,grass,-
497,serperior,75,75,95,75,95,113,grass,-
498,tepig,65,63,45,45,45,45,fire,-
499,pignite,90,93,55,70,55,55,fire,fighting
500,emboar,110,123,65,100,65,65,fire,fighting
501,oshawott,55,55,45,63,45,45,water,-
502,dewott,75,75,60,83,60,60,water,-
503,samurott,95,100,85,108,70,70,water,-
504,patrat,45,55,39,35,39,42,normal,-
505,watchog,60,85,69,60,69,77,normal,-
506,lillipup,45,60,45,25,45,55,normal,-
507,herdier,65,80,65,35,65,60,normal,-
508,stoutland,85,110,90,45,90,80,normal,-
509,purrloin,41,50,37,50,37,66,dark,-
510,liepard,64,88,50,88,50,106,dark,-
511,pansage,50,53,48,53,48,64,grass,-
512,simisage,75,98,63,98,63,101,grass,-
513,pansear,50,53,48,53,48,64,fire,-
514,simisear,75,98,63,98,63,101,fire,-
515,panpour,50,53,48,53,48,64,water,-
516,simipour,75,98,63,98,63,101,water,-
517,munna,76,25,45,67,55,24,psychic,-
518,musharna,116,55,85,107,95,29,psychic,-
519,pidove,50,55,50,36,30,43,normal,flying
520,tranquill,62,77,62,50,42,65,normal,flying
521,unfezant,80,115,80,65,55,93,normal,flying
522,blitzle,45,60,32,50,32,76,electric,-
523,zebstrika,75,100,63,80,63,116,electric,-
524,roggenrola,55,75,85,25,25,15,rock,-
525,boldore,70,105,105,50,40,20,rock,-
526,gigalith,85,135,130,60,80,25,rock,-
527,woobat,65,45,43,55,43,72,psychic,flying
528,swoobat,67,57,55,77,55,114,psychic,flying
529,drilbur,60,85,40,30,45,68,ground,-
530,excadrill,110,135,60,50,65,88,ground,steel
531,audino,103,60,86,60,86,50,normal,-
532,timburr,75,80,55,25,35,35,fighting,-
533,gurdurr,85,105,85,40,50,40,fighting,-
534,conkeldurr,105,140,95,55,65,45,fighting,-
535,tympole,50,50,40,50,40,64,water,-
536,palpitoad,75,65,55,65,55,69,water,ground
537,seismitoad,105,95,75,85,75,74,water,ground
538,throh,120,100,85,30,85,45,fighting,-
539,sawk,75,125,75,30,75,85,fighting,-
540,sewaddle,45,53,70,40,60,42,bug,grass
541,swadloon,55,63,90,50,80,42,bug,grass
542,leavanny,75,103,80,70,80,92,bug,grass
543,venipede,30,45,59,30,39,57,bug,poison
544,whirlipede,40,55,99,40,79,47,bug,poison
545,scolipede,60,100,89,55,69,112,bug,poison
546,cottonee,40,27,60,37,50,66,grass,fairy
547,whimsicott,60,67,85,77,75,116,grass,fairy
548,petilil,45,35,50,70,50,30,grass,-
549,lilligant,70,60,75,110,75,90,grass,-
550,basculin-red-striped,70,92,65,80,55,98,water,-
551,sandile,50,72,35,35,35,65,ground,dark
552,krokorok,60,82,45,45,45,74,ground,dark
553,krookodile,95,117,80,65,70,92,ground,dark
554,darumaka,70,90,45,15,45,50,fire,-
555,darmanitan-standard,105,140,55,30,55,95,fire,-
556,maractus,75,86,67,106,67,60,grass,-
557,dwebble,50,65,85,35,35,55,bug,rock
558,crustle,70,105,125,65,75,45,bug,rock
559,scraggy,50,75,70,35,70,48,dark,fighting
560,scrafty,65,90,115,45,115,58,dark,fighting
561,sigilyph,72,58,80,103,80,97,psychic,flying
562,yamask,38,30,85,55,65,30,ghost,-
563,cofagrigus,58,50,145,95,105,30,ghost,-
564,tirtouga,54,78,103,53,45,22,water,rock
565,carracosta,74,108,133,83,65,32,water,rock
566,archen,55,112,45,74,45,70,rock,flying
567,archeops,75,140,65,112,65,110,rock,flying
568,trubbish,50,50,62,40,62,65,poison,-
569,garbodor,80,95,82,60,82,75,poison,-
570,zorua,40,65,40,80,40,65,dark,-
571,zoroark,60,105,60,120,60,105,dark,-
572,minccino,55,50,40,40,40,75,normal,-
573,cinccino,75,95,60,65,60,115,normal,-
574,gothita,45,30,50,55,65,45,psychic,-
575,gothorita,60,45,70,75,85,55,psychic,-
576,gothitelle,70,55,95,95,110,65,psychic,-
577,solosis,45,30,40,105,50,20,psychic,-
578,duosion,65,40,50,125,60,30,psychic,-
579,reuniclus,110,65,75,125,85,30,psychic,-
580,ducklett,62,44,50,44,50,55,water,flying
581,swanna,75,87,63,87,63,98,water,flying
582,vanillite,36,50,50,65,60,44,ice,-
583,vanillish,51,65,65,80,75,59,ice,-
584,vanilluxe,71,95,85,110,95,79,ice,-
585,deerling,60,60,50,40,50,75,normal,grass
586,sawsbuck,80,100,70,60,70,95,normal,grass
587,emolga,55,75,60,75,60,103,electric,flying
588,karrablast,50,75,45,40,45,60,bug,-
589,escavalier,70,135,105,60,105,20,bug,steel
590,foongus,69,55,45,55,55,15,grass,poison
591,amoonguss,114,85,70,85,80,30,grass,poison
592,frillish,55,40,50,65,85,40,water,ghost
593,jellicent,100,60,70,85,105,60,water,ghost
594,alomomola,165,75,80,40,45,65,water,-
595,joltik,50,47,50,57,50,65,bug,electric
596,galvantula,70,77,60,97,60,108,bug,electric
597,ferroseed,44,50,91,24,86,10,grass,steel
598,ferrothorn,74,94,131,54,116,20,grass,steel
599,klink,40,55,70,45,60,30,steel,-
600,klang,60,80,95,70,85,50,steel,-
601,klinklang,60,100,115,70,85,90,steel,-
602,tynamo,35,55,40,45,40,60,electric,-
603,eelektrik,65,85,70,75,70,40,electric,-
604,eelektross,85,115,80,105,80,50,electric,-
605,elgyem,55,55,55,85,55,30,psychic,-
606,beheeyem,75,75,75,125,95,40,psychic,-
607,litwick,50,30,55,65,55,20,ghost,fire
608,lampent,60,40,60,95,60,55,ghost,fire
609,chandelure,60,55,90,145,90,80,ghost,fire
610,axew,46,87,60,30,40,57,dragon,-
611,fraxure,66,117,70,40,50,67,dragon,-
612,haxorus,76,147,90,60,70,97,dragon,-
613,cubchoo,55,70,40,60,40,40,ice,-
614,beartic,95,130,80,70,80,50,ice,-
615,cryogonal,80,50,50,95,135,105,ice,-
616,shelmet,50,40,85,40,65,25,bug,-
617,accelgor,80,70,40,100,60,145,bug,-
618,stunfisk,109,66,84,81,99,32,ground,electric
619,mienfoo,45,85,50,55,50,65,fighting,-
620,mienshao,65,125,60,95,60,105,fighting,-
621,druddigon,77,120,90,60,90,48,dragon,-
622,golett,59,74,50,35,50,35,ground,ghost
623,golurk,89,124,80,55,80,55,ground,ghost
624,pawniard,45,85,70,40,40,60,dark,steel
625,bisharp,65,125,100,60,70,70,dark,steel
626,bouffalant,95,110,95,40,95,55,normal,-
627,rufflet,70,83,50,37,50,60,normal,flying
628,braviary,100,123,75,57,75,80,normal,flying
629,vullaby,70,55,75,45,65,60,dark,flying
630,mandibuzz,110,65,105,55,95,80,dark,flying
631,heatmor,85,97,66,105,66,65,fire,-
632,durant,58,109,112,48,48,109,bug,steel
633,deino,52,65,50,45,50,38,dark,dragon
634,zweilous,72,85,70,65,70,58,dark,dragon
635,hydreigon,92,105,90,125,90,98,dark,dragon
636,larvesta,55,85,55,50,55,60,bug,fire
637,volcarona,85,60,65,135,105,100,bug,fire
638,cobalion,91,90,129,90,72,108,steel,fighting
639,terrakion,91,129,90,72,90,108,rock,fighting
640,virizion,91,90,72,90,129,108,grass,fighting
641,tornadus-incarnate,79,115,70,125,80,111,flying,-
642,thundurus-incarnate,79,115,70,125,80,111,electric,flying
643,reshiram,100,120,100,150,120,90,dragon,fire
644,zekrom,100,150,120,120,100,90,dragon,electric
645,landorus-incarnate,89,125,90,115,80,101,ground,flying
646,kyurem,125,130,90,130,90,95,dragon,ice
647,keldeo-ordinary,91,72,90,129,90,108,water,fighting
648,meloetta-aria,100,77,77,128,128,90,normal,psychic
649,genesect,71,120,95,120,95,99,bug,steel
650,chespin,56,61,65,48,45,38,grass,-
651,quilladin,61,78,95,56,58,57,grass,-
652,chesnaught,88,107,122,74,75,64,grass,fighting
653,fennekin,40,45,40,62,60,60,fire,-
654,braixen,59,59,58,90,70,73,fire,-
655,delphox,75,69,72,114,100,104,fire,psychic
656,froakie,41,56,40,62,44,71,water,-
657,frogadier,54,63,52,83,56,97,water,-
658,greninja,72,95,67,103,71,122,water,dark
659,bunnelby,38,36,38,32,36,57,normal,-
660,diggersby,85,56,77,50,77,78,normal,ground
661,fletchling,45,50,43,40,38,62,normal,flying
662,fletchinder,62,73,55,56,52,84,fire,flying
663,talonflame,78,81,71,74,69,126,fire,flying
664,scatterbug,38,35,40,27,25,35,bug,-
665,spewpa,45,22,60,27,30,29,bug,-
666,vivillon,80,52,50,90,50,89,bug,flying
667,litleo,62,50,58,73,54,72,fire,normal
668,pyroar,86,68,72,109,66,106,fire,normal
669,flabebe,44,38,39,61,79,42,fairy,-
670,floette,54,45,47,75,98,52,fairy,-
671,florges,78,65,68,112,154,75,fairy,-
672,skiddo,66,65,48,62,57,52,grass,-
673,gogoat,123,100,62,97,81,68,grass,-
674,pancham,67,82,62,46,48,43,fighting,-
675,pangoro,95,124,78,69,71,58,fighting,dark
676,furfrou,75,80,60,65,90,102,normal,-
677,espurr,62,48,54,63,60,68,psychic,-
678,meowstic-male,74,48,76,83,81,104,psychic,-
679,honedge,45,80,100,35,37,28,steel,ghost
680,doublade,59,110,150,45,49,35,steel,ghost
681,aegislash-shield,60,50,140,50,140,60,steel,ghost
682,spritzee,78,52,60,63,65,23,fairy,-
683,aromatisse,101,72,72,99,89,29,fairy,-
684,swirlix,62,48,66,59,57,49,fairy,-
685,slurpuff,82,80,86,85,75,72,fairy,-
686,inkay,53,54,53,37,46,45,dark,psychic
687,malamar,86,92,88,68,75,73,dark,psychic
688,binacle,42,52,67,39,56,50,rock,water
689,barbaracle,72,105,115,54,86,68,rock,water
690,skrelp,50,60,60,60,60,30,poison,water
691,dragalge,65,75,90,97,123,44,poison,dragon
692,clauncher,50,53,62,58,63,44,water,-
693,clawitzer,71,73,88,120,89,59,water,-
694,helioptile,44,38,33,61,43,70,electric,normal
695,heliolisk,62,55,52,109,94,109,electric,normal
696,tyrunt,58,89,77,45,45,48,rock,dragon
697,tyrantrum,82,121,119,69,59,71,rock,dragon
698,amaura,77,59,50,67,63,46,rock,ice
699,aurorus,123,77,72,99,92,58,rock,ice
700,sylveon,95,65,65,110,130,60,fairy,-
701,hawlucha,78,92,75,74,63,118,fighting,flying
702,dedenne,67,58,57,81,67,101,electric,fairy
703,carbink,50,50,150,50,150,50,rock,fairy
704,goomy,45,50,35,55,75,40,dragon,-
705,sliggoo,68,75,53,83,113,60,dragon,-
706,goodra,90,100,70,110,150,80,dragon,-
707,klefki,57,80,91,80,87,75,steel,fairy
708,phantump,43,70,48,50,60,38,ghost,grass
709,trevenant,85,110,76,65,82,56,ghost,grass
710,pumpkaboo-average,49,66,70,44,55,51,ghost,grass
711,gourgeist-average,65,90,122,58,75,84,ghost,grass
712,bergmite,55,69,85,32,35,28,ice,-
713,avalugg,95,117,184,44,46,28,ice,-
714,noibat,40,30,35,45,40,55,flying,dragon
715,noivern,85,70,80,97,80,123,flying,dragon
716,xerneas,126,131,95,131,98,99,fairy,-
717,yveltal,126,131,95,131,98,99,dark,flying
718,zygarde-50,108,100,121,81,95,95,dragon,ground
719,diancie,50,100,150,100,150,50,rock,fairy
720,hoopa,80,110,60,150,130,70,psychic,ghost
721,volcanion,80,110,120,130,90,70,fire,water
722,rowlet,68,55,55,50,50,42,grass,flying
723,dartrix,78,75,75,70,70,52,grass,flying
724,decidueye,78,107,75,100,100,70,grass,ghost
725,litten,45,65,40,60,40,70,fire,-
726,torracat,65,85,50,80,50,90,fire,-
727,incineroar,95,115,90,80,90,60,fire,dark
728,popplio,50,54,54,66,56,40,water,-
729,brionne,60,69,69,91,81,50,water,-
730,primarina,80,74,74,126,116,60,water,fairy
731,pikipek,35,75,30,30,30,65,normal,flying
732,trumbeak,55,85,50,40,50,75,normal,flying
733,toucannon,80,120,75,75,75,60,normal,flying
734,yungoos,48,70,30,30,30,45,normal,-
735,gumshoos,88,110,60,55,60,45,normal,-
736,grubbin,47,62,45,55,45,46,bug,-
737,charjabug,57,82,95,55,75,36,bug,electric
738,vikavolt,77,70,90,145,75,43,bug,electric
739,crabrawler,47,82,57,42,47,63,fighting,-
740,crabominable,97,132,77,62,67,43,fighting,ice
741,oricorio-baile,75,70,70,98,70,93,fire,flying
742,cutiefly,40,45,40,55,40,84,bug,fairy
743,ribombee,60,55,60,95,70,124,bug,fairy
744,rockruff,45,65,40,30,40,60,rock,-
745,lycanroc-midday,75,115,65,55,65,112,rock,-
746,wishiwashi-solo,45,20,20,25,25,40,water,-
747,mareanie,50,53,62,43,52,45,poison,water
748,toxapex,50,63,152,53,142,35,poison,water
749,mudbray,70,100,70,45,55,45,ground,-
750,mudsdale,100,125,100,55,85,35,ground,-
751,dewpider,38,40,52,40,72,27,water,bug
752,araquanid,68,70,92,50,132,42,water,bug
753,fomantis,40,55,35,50,35,35,grass,-
754,lurantis,70,105,90,80,90,45,grass,-
755,morelull,40,35,55,65,75,15,grass,fairy
756,shiinotic,60,45,80,90,100,30,grass,fairy
757,salandit,48,44,40,71,40,77,poison,fire
758,salazzle,68,64,60,111,60,117,poison,fire
759,stufful,70,75,50,45,50,50,normal,fighting
760,bewear,120,125,80,55,60,60,normal,fighting
761,bounsweet,42,30,38,30,38,32,grass,-
762,steenee,52,40,48,40,48,62,grass,-
763,tsareena,72,120,98,50,98,72,grass,-
764,comfey,51,52,90,82,110,100,fairy,-
765,oranguru,90,60,80,90,110,60,normal,psychic
766,passimian,100,120,90,40,60,80,fighting,-
767,wimpod,25,35,40,20,30,80,bug,water
768,golisopod,75,125,140,60,90,40,bug,water
769,sandygast,55,55,80,70,45,15,ghost,ground
770,palossand,85,75,110,100,75,35,ghost,ground
771,pyukumuku,55,60,130,30,130,5,water,-
772,type-null,95,95,95,95,95,59,normal,-
773,silvally,95,95,95,95,95,95,normal,-
774,minior-red-meteor,60,60,100,60,100,60,rock,flying
775,komala,65,115,65,75,95,65,normal,-
776,turtonator,60,78,135,91,85,36,fire,dragon
777,togedemaru,65,98,63,40,73,96,electric,steel
778,mimikyu-disguised,55,90,80,50,105,96,ghost,fairy
779,bruxish,68,105,70,70,70,92,water,psychic
780,drampa,78,60,85,135,91,36,normal,dragon
781,dhelmise,70,131,100,86,90,40,ghost,grass
782,jangmo-o,45,55,65,45,45,45,dragon,-
783,hakamo-o,55,75,90,65,70,65,dragon,fighting
784,kommo-o,75,110,125,100,105,85,dragon,fighting
785,tapu-koko,70,115,85,95,75,130,electric,fairy
786,tapu-lele,70,85,75,130,115,95,psychic,fairy
787,tapu-bulu,70,130,115,85,95,75,grass,fairy
788,tapu-fini,70,75,115,95,130,85,water,fairy
789,cosmog,43,29,31,29,31,37,psychic,-
790,cosmoem,43,29,131,29,131,37,psychic,-
791,solgaleo,137,137,107,113,89,97,psychic,steel
792,lunala,137,113,89,137,107,97,psychic,ghost
793,nihilego,109,53,47,127,131,103,rock,poison
794,buzzwole,107,139,139,53,53,79,bug,fighting
795,pheromosa,71,137,37,137,37,151,bug,fighting
796,xurkitree,83,89,71,173,71,83,electric,-
797,celesteela,97,101,103,107,101,61,steel,flying
798,kartana,59,181,131,59,31,109,grass,steel
799,guzzlord,223,101,53,97,53,43,dark,dragon
800,necrozma,97,107,101,127,89,79,psychic,-
801,magearna,80,95,115,130,115,65,steel,fairy
802,marshadow,90,125,80,90,90,125,fighting,ghost
803,poipole,67,73,67,73,67,73,poison,-
804,naganadel,73,73,73,127,73,121,poison,dragon
805,stakataka,61,131,211,53,101,13,rock,steel
806,blacephalon,53,127,53,151,79,107,fire,ghost
807,zeraora,88,112,75,102,80,143,electric,-
808,meltan,46,65,65,55,35,34,steel,-
809,melmetal,135,143,143,80,65,34,steel,-
810,grookey,50,65,50,40,40,65,grass,-
811,thwackey,70,85,70,55,60,80,grass,-
812,rillaboom,100,125,90,60,70,85,grass,-
813,scorbunny,50,71,40,40,40,69,fire,-
814,raboot,65,86,60,55,60,94,fire,-
815,cinderace,80,116,75,65,75,119,fire,-
816,sobble,50,40,40,70,40,70,water,-
817,drizzile,65,60,55,95,55,90,water,-
818,inteleon,70,85,65,125,65,120,water,-
819,skwovet,70,55,55,35,35,25,normal,-
820,greedent,120,95,95,55,75,20,normal,-
821,rookidee,38,47,35,33,35,57,flying,-
822,corvisquire,68,67,55,43,55,77,flying,-
823,corviknight,98,87,105,53,85,67,flying,steel
824,blipbug,25,20,20,25,45,45,bug,-
825,dottler,50,35,80,50,90,30,bug,psychic
826,orbeetle,60,45,110,80,120,90,bug,psychic
827,nickit,40,28,28,47,52,50,dark,-
828,thievul,70,58,58,87,92,90,dark,-
829,gossifleur,40,40,60,40,60,10,grass,-
830,eldegoss,60,50,90,80,120,60,grass,-
831,wooloo,42,40,55,40,45,48,normal,-
832,dubwool,72,80,100,60,90,88,normal,-
833,chewtle,50,64,50,38,38,44,water,-
834,drednaw,90,115,90,48,68,74,water,rock
835,yamper,59,45,50,40,50,26,electric,-
836,boltund,69,90,60,90,60,121,electric,-
837,rolycoly,30,40,50,40,50,30,rock,-
838,carkol,80,60,90,60,70,50,rock,fire
839,coalossal,110,80,120,80,90,30,rock,fire
840,applin,40,40,80,40,40,20,grass,dragon
841,flapple,70,110,80,95,60,70,grass,dragon
842,appletun,110,85,80,100,80,30,grass,dragon
843,silicobra,52,57,75,35,50,46,ground,-
844,sandaconda,72,107,125,65,70,71,ground,-
845,cramorant,70,85,55,85,95,85,flying,water
846,arrokuda,41,63,40,40,30,66,water,-
847,barraskewda,61,123,60,60,50,136,water,-
848,toxel,40,38,35,54,35,40,electric,poison
849,toxtricity-amped,75,98,70,114,70,75,electric,poison
850,sizzlipede,50,65,45,50,50,45,fire,bug
851,centiskorch,100,115,65,90,90,65,fire,bug
852,clobbopus,50,68,60,50,50,32,fighting,-
853,grapploct,80,118,90,70,80,42,fighting,-
854,sinistea,40,45,45,74,54,50,ghost,-
855,polteageist,60,65,65,134,114,70,ghost,-
856,hatenna,42,30,45,56,53,39,psychic,-
857,hattrem,57,40,65,86,73,49,psychic,-
858,hatterene,57,90,95,136,103,29,psychic,fairy
859,impidimp,45,45,30,55,40,50,dark,fairy
860,morgrem,65,60,45,75,55,70,dark,fairy
861,grimmsnarl,95,120,65,95,75,60,dark,fairy
862,obstagoon,93,90,101,60,81,95,dark,normal
863,perrserker,70,110,100,50,60,50,steel,-
864,cursola,60,95,50,145,130,30,ghost,-
865,sirfetchd,62,135,95,68,82,65,fighting,-
866,mr-rime,80,85,75,110,100,70,ice,psychic
867,runerigus,58,95,145,50,105,30,ground,ghost
868,milcery,45,40,40,50,61,34,fairy,-
869,alcremie,65,60,75,110,121,64,fairy,-
870,falinks,65,100,100,70,60,75,fighting,-
871,pincurchin,48,101,95,91,85,15,electric,-
872,snom,30,25,35,45,30,20,ice,bug
873,frosmoth,70,65,60,125,90,65,ice,bug
874,stonjourner,100,125,135,20,20,70,rock,-
875,eiscue-ice,75,80,110,65,90,50,ice,-
876,indeedee-male,60,65,55,105,95,95,psychic,normal
877,morpeko-full-belly,58,95,58,70,58,97,electric,dark
878,cufant,72,80,49,40,49,40,steel,-
879,copperajah,122,130,69,80,69,30,steel,-
880,dracozolt,90,100,90,80,70,75,electric,dragon
881,arctozolt,90,100,90,90,80,55,electric,ice
882,dracovish,90,90,100,70,80,75,water,dragon
883,arctovish,90,90,100,80,90,55,water,ice
884,duraludon,70,95,115,120,50,85,steel,dragon
885,dreepy,28,60,30,40,30,82,dragon,ghost
886,drakloak,68,80,50,60,50,102,dragon,ghost
887,dragapult,88,120,75,100,75,142,dragon,ghost
888,zacian,92,130,115,80,115,138,fairy,-
889,zamazenta,92,130,115,80,115,138,fighting,-
890,eternatus,140,85,95,145,95,130,poison,dragon
891,kubfu,60,90,60,53,50,72,fighting,-
892,urshifu-single-strike,100,130,100,63,60,97,fighting,dark
893,zarude,105,120,105,70,95,105,dark,grass
894,regieleki,80,100,50,100,50,200,electric,-
895,regidrago,200,100,50,100,50,80,dragon,-
896,glastrier,100,145,130,65,110,30,ice,-
897,spectrier,100,65,60,145,80,130,ghost,-
898,calyrex,100,80,80,80,80,80,psychic,grass
899,wyrdeer,103,105,72,105,75,65,normal,psychic
900,kleavor,70,135,95,45,70,85,bug,rock
901,ursaluna,130,140,105,45,80,50,ground,normal
902,basculegion-male,120,112,65,80,75,78,water,ghost
903,sneasler,80,130,60,40,80,120,fighting,poison
904,overqwil,85,115,95,65,65,85,dark,poison
905,enamorus-incarnate,74,115,70,135,80,106,fairy,flying
906,sprigatito,40,61,54,45,45,65,grass,-
907,floragato,61,80,63,60,63,83,grass,-
908,meowscarada,76,110,70,81,70,123,grass,dark
909,fuecoco,67,45,59,63,40,36,fire,-
910,crocalor,81,55,78,90,58,49,fire,-
911,skeledirge,104,75,100,110,75,66,fire,ghost
912,quaxly,55,65,45,50,45,50,water,-
913,quaxwell,70,85,65,65,60,65,water,-
914,quaquaval,85,120,80,85,75,85,water,fighting
915,lechonk,54,45,40,35,45,35,normal,-
916,oinkologne,110,100,75,59,80,65,normal,-
917,tarountula,35,41,45,29,40,20,bug,-
918,spidops,60,79,92,52,86,35,bug,-
919,nymble,33,46,40,21,25,45,bug,-
920,lokix,71,102,78,52,55,92,bug,dark
921,pawmi,45,50,20,40,25,60,electric,-
922,pawmo,60,75,40,50,40,85,electric,fighting
923,pawmot,70,115,70,70,60,105,electric,fighting
924,tandemaus,50,50,45,40,45,75,normal,-
925,maushold,74,75,70,65,75,111,normal,-
926,fidough,37,55,70,30,55,65,fairy,-
927,dachsbun,57,80,115,50,80,95,fairy,-
928,smoliv,41,35,45,58,51,30,grass,normal
929,dolliv,52,53,60,78,78,33,grass,normal
930,arboliva,78,69,90,125,109,39,grass,normal
931,squawkabilly,82,96,51,45,51,92,normal,flying
932,nacli,55,55,75,35,35,25,rock,-
933,naclstack,60,60,100,35,65,35,rock,-
934,garganacl,100,100,130,45,90,35,rock,-
935,charcadet,40,50,40,50,40,35,fire,-
936,armarouge,85,60,100,125,80,75,fire,psychic
937,ceruledge,75,125,80,60,100,85,fire,ghost
938,tadbulb,61,31,41,59,35,45,electric,-
939,bellibolt,109,64,91,103,83,45,electric,-
940,wattrel,40,40,35,55,40,70,electric,flying
941,kilowattrel,70,70,60,105,60,125,electric,flying
942,maschiff,60,78,60,40,51,51,dark,-
943,mabosstiff,80,120,90,60,70,85,dark,-
944,shroodle,40,65,35,40,35,75,poison,normal
945,grafaiai,63,95,65,80,72,110,poison,normal
946,bramblin,40,65,30,45,35,60,grass,ghost
947,brambleghast,55,115,70,80,70,90,grass,ghost
948,toedscool,40,40,35,50,100,70,ground,grass
949,toedscruel,80,70,65,80,120,100,ground,grass
950,klawf,70,100,115,35,55,75,rock,-
951,capsakid,50,62,40,62,40,50,grass,-
952,scovillain,65,108,65,108,65,75,grass,fire
953,rellor,41,50,60,31,58,30,bug,-
954,rabsca,75,50,85,115,100,45,bug,psychic
955,flittle,30,35,30,55,30,75,psychic,-
956,espathra,95,60,60,101,60,105,psychic,-
957,tinkatink,50,45,45,35,64,58,fairy,steel
958,tinkatuff,65,55,55,45,82,78,fairy,steel
959,tinkaton,85,75,77,70,105,94,fairy,steel
960,wiglett,10,55,25,35,25,95,water,-
961,wugtrio,35,100,50,50,70,120,water,-
962,bombirdier,70,103,85,60,85,82,flying,dark
963,finizen,70,45,40,45,40,75,water,-
964,palafin,100,70,72,53,62,100,water,-
965,varoom,45,70,63,30,45,47,steel,poison
966,revavroom,80,119,90,54,67,90,steel,poison
967,cyclizar,70,95,65,85,65,121,dragon,normal
968,orthworm,70,85,145,60,55,65,steel,-
969,glimmet,48,35,42,105,60,60,rock,poison
970,glimmora,83,55,90,130,81,86,rock,poison
971,greavard,50,61,60,30,55,34,ghost,-
972,houndstone,72,101,100,50,97,68,ghost,-
973,flamigo,82,115,74,75,64,90,flying,fighting
974,cetoddle,108,68,45,30,40,43,ice,-
975,cetitan,170,113,65,45,55,73,ice,-
976,veluza,90,102,73,78,65,70,water,psychic
977,dondozo,150,100,115,65,65,35,water,-
978,tatsugiri,68,50,60,120,95,82,dragon,water
979,annihilape,110,115,80,50,90,90,fighting,ghost
980,clodsire,130,75,60,45,100,20,poison,ground
981,farigiraf,120,90,70,110,70,60,normal,psychic
982,dudunsparce,125,100,80,85,75,55,normal,-
983,kingambit,100,135,120,60,85,50,dark,steel
984,great-tusk,115,131,131,53,53,87,ground,fighting
985,scream-tail,115,65,99,65,115,111,fairy,psychic
986,brute-bonnet,111,127,99,79,99,55,grass,dark
987,flutter-mane,55,55,55,135,135,135,ghost,fairy
988,slither-wing,85,135,79,85,105,81,bug,fighting
989,sandy-shocks,85,81,97,121,85,101,electric,ground
990,iron-treads,90,112,120,72,70,106,ground,steel
991,iron-bundle,56,80,114,124,60,136,ice,water
992,iron-hands,154,140,108,50,68,50,fighting,electric
993,iron-jugulis,94,80,86,122,80,108,dark,flying
994,iron-moth,80,70,60,140,110,110,fire,poison
995,iron-thorns,100,134,110,70,84,72,rock,electric
996,frigibax,65,75,45,35,45,55,dragon,ice
997,arctibax,90,95,66,45,65,62,dragon,ice
998,baxcalibur,115,145,92,75,86,87,dragon,ice
999,gimmighoul,45,30,70,75,70,10,ghost,-
1000,gholdengo,87,60,95,133,91,84,steel,ghost
1001,wo-chien,85,85,100,95,135,70,dark,grass
1002,chien-pao,80,120,80,90,65,135,dark,ice
1003,ting-lu,155,110,125,55,80,45,dark,ground
1004,chi-yu,55,80,80,135,120,100,dark,fire
1005,roaring-moon,105,139,71,55,101,119,dragon,dark
1006,iron-valiant,74,130,90,120,60,116,fairy,fighting
1007,koraidon,100,135,115,85,100,135,fighting,dragon
1008,miraidon,100,85,100,135,115,135,electric,dragon
1009,walking-wake,99,83,91,125,83,109,water,dragon
1010,iron-leaves,90,130,88,70,108,104,grass,psychic
10001,deoxys-attack,50,180,20,180,20,150,psychic,-
10002,deoxys-defense,50,70,160,70,160,90,psychic,-
10003,deoxys-speed,50,95,90,95,90,180,psychic,-
10004,wormadam-sandy,60,79,105,59,85,36,bug,ground
10005,wormadam-trash,60,69,95,69,95,36,bug,steel
10006,shaymin-sky,100,103,75,120,75,127,grass,flying
10007,giratina-origin,150,120,100,120,100,90,ghost,dragon
10008,rotom-heat,50,65,107,105,107,86,electric,fire
10009,rotom-wash,50,65,107,105,107,86,electric,water
10010,rotom-frost,50,65,107,105,107,86,electric,ice
10011,rotom-fan,50,65,107,105,107,86,electric,flying
10012,rotom-mow,50,65,107,105,107,86,electric,grass
10013,castform-sunny,70,70,70,70,70,70,fire,-
10014,castform-rainy,70,70,70,70,70,70,water,-
10015,castform-snowy,70,70,70,70,70,70,ice,-
10016,basculin-blue-striped,70,92,65,80,55,98,water,-
10017,darmanitan-zen,105,30,105,140,105,55,fire,psychic
10018,meloetta-pirouette,100,128,90,77,77,128,normal,fighting
10019,tornadus-therian,79,100,80,110,90,121,flying,-
10020,thundurus-therian,79,105,70,145,80,101,electric,flying
10021,landorus-therian,89,145,90,105,80,91,ground,flying
10022,kyurem-black,125,170,100,120,90,95,dragon,ice
10023,kyurem-white,125,120,90,170,100,95,dragon,ice
10024,keldeo-resolute,91,72,90,129,90,108,water,fighting
10025,meowstic-female,74,48,76,83,81,104,psychic,-
10026,aegislash-blade,60,140,50,140,50,60,steel,ghost
10027,pumpkaboo-small,44,66,70,44,55,56,ghost,grass
10028,pumpkaboo-large,54,66,70,44,55,46,ghost,grass
10029,pumpkaboo-super,59,66,70,44,55,41,ghost,grass
10030,gourgeist-small,55,85,122,58,75,99,ghost,grass
10031,gourgeist-large,75,95,122,58,75,69,ghost,grass
10032,gourgeist-super,85,100,122,58,75,54,ghost,grass
10033,venusaur-mega,80,100,123,122,120,80,grass,poison
10034,charizard-mega-x,78,130,111,130,85,100,fire,dragon
10035,charizard-mega-y,78,104,78,159,115,100,fire,flying
10036,blastoise-mega,79,103,120,135,115,78,water,-
10037,alakazam-mega,55,50,65,175,105,150,psychic,-
10038,gengar-mega,60,65,80,170,95,130,ghost,poison
10039,kangaskhan-mega,105,125,100,60,100,100,normal,-
10040,pinsir-mega,65,155,120,65,90,105,bug,flying
10041,gyarados-mega,95,155,109,70,130,81,water,dark
10042,aerodactyl-mega,80,135,85,70,95,150,rock,flying
10043,mewtwo-mega-x,106,190,100,154,100,130,psychic,fighting
10044,mewtwo-mega-y,106,150,70,194,120,140,psychic,-
10045,ampharos-mega,90,95,105,165,110,45,electric,dragon
10046,scizor-mega,70,150,140,65,100,75,bug,steel
10047,heracross-mega,80,185,115,40,105,75,bug,fighting
10048,houndoom-mega,75,90,90,140,90,115,dark,fire
10049,tyranitar-mega,100,164,150,95,120,71,rock,dark
10050,blaziken-mega,80,160,80,130,80,100,fire,fighting
10051,gardevoir-mega,68,85,65,165,135,100,psychic,fairy
10052,mawile-mega,50,105,125,55,95,50,steel,fairy
10053,aggron-mega,70,140,230,60,80,50,steel,-
10054,medicham-mega,60,100,85,80,85,100,fighting,psychic
10055,manectric-mega,70,75,80,135,80,135,electric,-
10056,banette-mega,64,165,75,93,83,75,ghost,-
10057,absol-mega,65,150,60,115,60,115,dark,-
10058,garchomp-mega,108,170,115,120,95,92,dragon,ground
10059,lucario-mega,70,145,88,140,70,112,fighting,steel
10060,abomasnow-mega,90,132,105,132,105,30,grass,ice
10061,floette-eternal,74,65,67,125,128,92,fairy,-
10062,latias-mega,80,100,120,140,150,110,dragon,psychic
10063,latios-mega,80,130,100,160,120,110,dragon,psychic
10064,swampert-mega,100,150,110,95,110,70,water,ground
10065,sceptile-mega,70,110,75,145,85,145,grass,dragon
10066,sableye-mega,50,85,125,85,115,20,dark,ghost
10067,altaria-mega,75,110,110,110,105,80,dragon,fairy
10068,gallade-mega,68,165,95,65,115,110,psychic,fighting
10069,audino-mega,103,60,126,80,126,50,normal,fairy
10070,sharpedo-mega,70,140,70,110,65,105,water,dark
10071,slowbro-mega,95,75,180,130,80,30,water,psychic
10072,steelix-mega,75,125,230,55,95,30,steel,ground
10073,pidgeot-mega,83,80,80,135,80,121,normal,flying
10074,glalie-mega,80,120,80,120,80,100,ice,-
10075,diancie-mega,50,160,110,160,110,110,rock,fairy
10076,metagross-mega,80,145,150,105,110,110,steel,psychic
10077,kyogre-primal,100,150,90,180,160,90,water,-
10078,groudon-primal,100,180,160,150,90,90,ground,fire
10079,rayquaza-mega,105,180,100,180,100,115,dragon,flying
10080,pikachu-rock-star,35,55,40,50,50,90,electric,-
10081,pikachu-belle,35,55,40,50,50,90,electric,-
10082,pikachu-pop-star,35,55,40,50,50,90,electric,-
10083,pikachu-phd,35,55,40,50,50,90,electric,-
10084,pikachu-libre,35,55,40,50,50,90,electric,-
10085,pikachu-cosplay,35,55,40,50,50,90,electric,-
10086,hoopa-unbound,80,160,60,170,130,80,psychic,dark
10087,camerupt-mega,70,120,100,145,105,20,fire,ground
10088,lopunny-mega,65,136,94,54,96,135,normal,fighting
10089,salamence-mega,95,145,130,120,90,120,dragon,flying
10090,beedrill-mega,65,150,40,15,80,145,bug,poison
10091,rattata-alola,30,56,35,25,35,72,dark,normal
10092,raticate-alola,75,71,70,40,80,77,dark,normal
10093,raticate-totem-alola,75,71,70,40,80,77,dark,normal
10094,pikachu-original-cap,35,55,40,50,50,90,electric,-
10095,pikachu-hoenn-cap,35,55,40,50,50,90,electric,-
10096,pikachu-sinnoh-cap,35,55,40,50,50,90,electric,-
10097,pikachu-unova-cap,35,55,40,50,50,90,electric,-
10098,pikachu-kalos-cap,35,55,40,50,50,90,electric,-
10099,pikachu-alola-cap,35,55,40,50,50,90,electric,-
10100,raichu-alola,60,85,50,95,85,110,electric,psychic
10101,sandshrew-alola,50,75,90,10,35,40,ice,steel
10102,sandslash-alola,75,100,120,25,65,65,ice,steel
10103,vulpix-alola,38,41,40,50,65,65,ice,-
10104,ninetales-alola,73,67,75,81,100,109,ice,fairy
10105,diglett-alola,10,55,30,35,45,90,ground,steel
10106,dugtrio-alola,35,100,60,50,70,110,ground,steel
10107,meowth-alola,40,35,35,50,40,90,dark,-
10108,persian-alola,65,60,60,75,65,115,dark,-
10109,geodude-alola,40,80,100,30,30,20,rock,electric
10110,graveler-alola,55,95,115,45,45,35,rock,electric
10111,golem-alola,80,120,130,55,65,45,rock,electric
10112,grimer-alola,80,80,50,40,50,25,poison,dark
10113,muk-alola,105,105,75,65,100,50,poison,dark
10114,exeggutor-alola,95,105,85,125,75,45,grass,dragon
10115,marowak-alola,60,80,110,50,80,45,fire,ghost
10116,greninja-battle-bond,72,95,67,103,71,122,water,dark
10117,greninja-ash,72,145,67,153,71,132,water,dark
10118,zygarde-10-power-construct,54,100,71,61,85,115,dragon,ground
10119,zygarde-50-power-construct,108,100,121,81,95,95,dragon,ground
10120,zygarde-complete,216,100,121,91,95,85,dragon,ground
10121,gumshoos-totem,88,110,60,55,60,45,normal,-
10122,vikavolt-totem,77,70,90,145,75,43,bug,electric
10123,oricorio-pom-pom,75,70,70,98,70,93,electric,flying
10124,oricorio-pau,75,70,70,98,70,93,psychic,flying
10125,oricorio-sensu,75,70,70,98,70,93,ghost,flying
10126,lycanroc-midnight,85,115,75,55,75,82,rock,-
10127,wishiwashi-school,45,140,130,140,135,30,water,-
10128,lurantis-totem,70,105,90,80,90,45,grass,-
10129,salazzle-totem,68,64,60,111,60,117,poison,fire
10130,minior-orange-meteor,60,60,100,60,100,60,rock,flying
10131,minior-yellow-meteor,60,60,100,60,100,60,rock,flying
10132,minior-green-meteor,60,60,100,60,100,60,rock,flying
10133,minior-blue-meteor,60,60,100,60,100,60,rock,flying
10134,minior-indigo-meteor,60,60,100,60,100,60,rock,flying
10135,minior-violet-meteor,60,60,100,60,100,60,rock,flying
10136,minior-red,60,100,60,100,60,120,rock,flying
10137,minior-orange,60,100,60,100,60,120,rock,flying
10138,minior-yellow,60,100,60,100,60,120,rock,flying
10139,minior-green,60,100,60,100,60,120,rock,flying
10140,minior-blue,60,100,60,100,60,120,rock,flying
10141,minior-indigo,60,100,60,100,60,120,rock,flying
10142,minior-violet,60,100,60,100,60,120,rock,flying
10143,mimikyu-busted,55,90,80,50,105,96,ghost,fairy
10144,mimikyu-totem-disguised,55,90,80,50,105,96,ghost,fairy
10145,mimikyu-totem-busted,55,90,80,50,105,96,ghost,fairy
10146,kommo-o-totem,75,110,125,100,105,85,dragon,fighting
10147,magearna-original,80,95,115,130,115,65,steel,fairy
10148,pikachu-partner-cap,35,55,40,50,50,90,electric,-
10149,marowak-totem,60,80,110,50,80,45,fire,ghost
10150,ribombee-totem,60,55,60,95,70,124,bug,fairy
10151,rockruff-own-tempo,45,65,40,30,40,60,rock,-
10152,lycanroc-dusk,75,117,65,55,65,110,rock,-
10153,araquanid-totem,68,70,92,50,132,42,water,bug
10154,togedemaru-totem,65,98,63,40,73,96,electric,steel
10155,necrozma-dusk,97,157,127,113,109,77,psychic,steel
10156,necrozma-dawn,97,113,109,157,127,77,psychic,ghost
10157,necrozma-ultra,97,167,97,167,97,129,psychic,dragon
10158,pikachu-starter,45,80,50,75,60,120,electric,-
10159,eevee-starter,65,75,70,65,85,75,normal,-
10160,pikachu-world-cap,35,55,40,50,50,90,electric,-
10161,meowth-galar,50,65,55,40,40,40,steel,-
10162,ponyta-galar,50,85,55,65,65,90,psychic,-
10163,rapidash-galar,65,100,70,80,80,105,psychic,fairy
10164,slowpoke-galar,90,65,65,40,40,15,psychic,-
10165,slowbro-galar,95,100,95,100,70,30,poison,psychic
10166,farfetchd-galar,52,95,55,58,62,55,fighting,-
10167,weezing-galar,65,90,120,85,70,60,poison,fairy
10168,mr-mime-galar,50,65,65,90,90,100,ice,psychic
10169,articuno-galar,90,85,85,125,100,95,psychic,flying
10170,zapdos-galar,90,125,90,85,90,100,fighting,flying
10171,moltres-galar,90,85,90,100,125,90,dark,flying
10172,slowking-galar,95,65,80,110,110,30,poison,psychic
10173,corsola-galar,60,55,100,65,100,30,ghost,-
10174,zigzagoon-galar,38,30,41,30,41,60,dark,normal
10175,linoone-galar,78,70,61,50,61,100,dark,normal
10176,darumaka-galar,70,90,45,15,45,50,ice,-
10177,darmanitan-galar-standard,105,140,55,30,55,95,ice,-
10178,darmanitan-galar-zen,105,160,55,30,55,135,ice,fire
10179,yamask-galar,38,55,85,30,65,30,ground,ghost
10180,stunfisk-galar,109,81,99,66,84,32,ground,steel
10181,zygarde-10,54,100,71,61,85,115,dragon,ground
10182,cramorant-gulping,70,85,55,85,95,85,flying,water
10183,cramorant-gorging,70,85,55,85,95,85,flying,water
10184,toxtricity-low-key,75,98,70,114,70,75,electric,poison
10185,eiscue-noice,75,80,70,65,50,130,ice,-
10186,indeedee-female,70,55,65,95,105,85,psychic,normal
10187,morpeko-hangry,58,95,58,70,58,97,electric,dark
10188,zacian-crowned,92,170,115,80,115,148,fairy,steel
10189,zamazenta-crowned,92,130,145,80,145,128,fighting,steel
10190,eternatus-eternamax,255,115,250,125,250,130,poison,dragon
10191,urshifu-rapid-strike,100,130,100,63,60,97,fighting,water
10192,zarude-dada,105,120,105,70,95,105,dark,grass
10193,calyrex-ice,100,165,150,85,130,50,psychic,ice
10194,calyrex-shadow,100,85,80,165,100,150,psychic,ghost
10195,venusaur-gmax,80,82,83,100,100,80,grass,poison
10196,charizard-gmax,78,84,78,109,85,100,fire,flying
10197,blastoise-gmax,79,83,100,85,105,78,water,-
10198,butterfree-gmax,60,45,50,90,80,70,bug,flying
10199,pikachu-gmax,35,55,40,50,50,90,electric,-
10200,meowth-gmax,40,45,35,40,40,90,normal,-
10201,machamp-gmax,90,130,80,65,85,55,fighting,-
10202,gengar-gmax,60,65,60,130,75,110,ghost,poison
10203,kingler-gmax,55,130,115,50,50,75,water,-
10204,lapras-gmax,130,85,80,85,95,60,water,ice
10205,eevee-gmax,55,55,50,45,65,55,normal,-
10206,snorlax-gmax,160,110,65,65,110,30,normal,-
10207,garbodor-gmax,80,95,82,60,82,75,poison,-
10208,melmetal-gmax,135,143,143,80,65,34,steel,-
10209,rillaboom-gmax,100,125,90,60,70,85,grass,-
10210,cinderace-gmax,80,116,75,65,75,119,fire,-
10211,inteleon-gmax,70,85,65,125,65,120,water,-
10212,corviknight-gmax,98,87,105,53,85,67,flying,steel
10213,orbeetle-gmax,60,45,110,80,120,90,bug,psychic
10214,drednaw-gmax,90,115,90,48,68,74,water,rock
10215,coalossal-gmax,110,80,120,80,90,30,rock,fire
10216,flapple-gmax,70,110,80,95,60,70,grass,dragon
10217,appletun-gmax,110,85,80,100,80,30,grass,dragon
10218,sandaconda-gmax,72,107,125,65,70,71,ground,-
10219,toxtricity-amped-gmax,75,98,70,114,70,75,electric,poison
10220,centiskorch-gmax,100,115,65,90,90,65,fire,bug
10221,hatterene-gmax,57,90,95,136,103,29,psychic,fairy
10222,grimmsnarl-gmax,95,120,65,95,75,60,dark,fairy
10223,alcremie-gmax,65,60,75,110,121,64,fairy,-
10224,copperajah-gmax,122,130,69,80,69,30,steel,-
10225,duraludon-gmax,70,95,115,120,50,85,steel,dragon
10226,urshifu-single-strike-gmax,100,130,100,63,60,97,fighting,dark
10227,urshifu-rapid-strike-gmax,100,130,100,63,60,97,fighting,water
10228,toxtricity-low-key-gmax,75,98,70,114,70,75,electric,poison
10229,growlithe-hisui,60,75,45,65,50,55,fire,rock
10230,arcanine-hisui,95,115,80,95,80,90,fire,rock
10231,voltorb-hisui,40,30,50,55,55,100,electric,grass
10232,electrode-hisui,60,50,70,80,80,150,electric,grass
10233,typhlosion-hisui,73,84,78,119,85,95,fire,ghost
10234,qwilfish-hisui,65,95,85,55,55,85,dark,poison
10235,sneasel-hisui,55,95,55,35,75,115,fighting,poison
10236,samurott-hisui,90,108,80,100,65,85,water,dark
10237,lilligant-hisui,70,105,75,50,75,105,grass,fighting
10238,zorua-hisui,35,60,40,85,40,70,normal,ghost
10239,zoroark-hisui,55,100,60,125,60,110,normal,ghost
10240,braviary-hisui,110,83,70,112,70,65,psychic,flying
10241,sliggoo-hisui,58,75,83,83,113,40,steel,dragon
10242,goodra-hisui,80,100,100,110,150,60,steel,dragon
10243,avalugg-hisui,95,127,184,34,36,38,ice,rock
10244,decidueye-hisui,88,112,80,95,95,60,grass,fighting
10245,dialga-origin,100,100,120,150,120,90,steel,dragon
10246,palkia-origin,90,100,100,150,120,120,water,dragon
10247,basculin-white-striped,70,92,65,80,55,98,water,-
10248,basculegion-female,120,92,65,100,75,78,water,ghost
10249,enamorus-therian,74,115,110,135,100,46,fairy,flying
10250,tauros-paldea-combat-breed,75,110,105,30,70,100,fighting,-
10251,tauros-paldea-blaze-breed,75,110,105,30,70,100,fighting,fire
10252,tauros-paldea-aqua-breed,75,110,105,30,70,100,fighting,water
10253,wooper-paldea,55,45,45,25,25,15,poison,ground
10254,oinkologne-female,115,90,70,59,90,65,normal,-
10255,dudunsparce-three-segment,125,100,80,85,75,55,normal,-
10256,palafin-hero,100,160,97,106,87,100,water,-
10257,maushold-family-of-three,74,75,70,65,75,111,normal,-
10258,tatsugiri-droopy,68,50,60,120,95,82,dragon,water
10259,tatsugiri-stretchy,68,50,60,120,95,82,dragon,water
10260,squawkabilly-blue-plumage,82,96,51,45,51,92,normal,flying
10261,squawkabilly-yellow-plumage,82,96,51,45,51,92,normal,flying
10262,squawkabilly-white-plumage,82,96,51,45,51,92,normal,flying
10263,gimmighoul-roaming,45,30,25,75,45,80,ghost,-
10264,koraidon-limited-build,100,135,115,85,100,135,fighting,dragon
10265,koraidon-sprinting-build,100,135,115,85,100,135,fighting,dragon
10266,koraidon-swimming-build,100,135,115,85,100,135,fighting,dragon
10267,koraidon-gliding-build,100,135,115,85,100,135,fighting,dragon
10268,miraidon-low-power-mode,100,85,100,135,115,135,electric,dragon
10269,miraidon-drive-mode,100,85,100,135,115,135,electric,dragon
10270,miraidon-aquatic-mode,100,85,100,135,115,135,electric,dragon
10271,miraidon-glide-mode,100,85,100,135,115,135,electric,dragon
